stride_index,timestamp,stride_length,clearance,stride_time,swing_time,stance_time,stance_ratio,fo_time,ic_time,fo_sample,ic_sample,is_outlier,turning_step,method,subject,side
0,3.733184000000165,1.2089671954398185,0.0542798049,1.3999440000002323,0.683306000000357,0.7166379999998753,0.5119047619045879,4.44982200000004,5.133128000000397,534,616,False,False,3P,S2,right
1,5.133128000000397,1.161853517700726,0.0583767207,1.383277999999791,0.6333079999999427,0.7499699999998484,0.5421686746987675,5.8830980000002455,6.516406000000188,706,782,False,False,3P,S2,right
2,6.516406000000188,1.2029858350829965,0.0540264372,1.449942000000192,0.6666400000003705,0.7833019999998214,0.5402298850572766,7.29970800000001,7.96634800000038,876,956,False,False,3P,S2,right
3,7.96634800000038,1.248529050028715,0.0565696842,1.416609999999764,0.7083050000001094,0.7083049999996547,0.4999999999998395,8.674653000000035,9.382958000000144,1041,1126,True,False,3P,S2,right
4,9.382958000000144,1.1284396431329151,0.0557674731,1.3249470000000656,0.6083090000001903,0.7166379999998753,0.5408805031445332,10.09959600000002,10.70790500000021,1212,1285,False,False,3P,S2,right
5,10.70790500000021,1.2825930646315535,0.0612279446,1.3916110000000117,0.6666399999999157,0.724971000000096,0.5209580838323999,11.432876000000306,12.099516000000222,1372,1452,False,False,3P,S2,right
6,12.099516000000222,1.269416876621841,0.0611021036,1.4082769999999982,0.6749730000001364,0.7333039999998618,0.5207100591715002,12.832820000000083,13.50779300000022,1540,1621,False,False,3P,S2,right
7,13.50779300000022,1.224058800031354,0.0548063561,1.3249470000000656,0.6999719999998888,0.6249750000001768,0.4716981132076572,14.132768000000397,14.832740000000284,1696,1780,True,False,3P,S2,right
8,14.832740000000284,1.2613181803814908,0.054702417,1.3582790000000386,0.6499739999999292,0.7083050000001094,0.5214723926381025,15.541045000000397,16.191019000000324,1865,1943,False,False,3P,S2,right
9,16.191019000000324,1.2579620090664874,0.0604859935,1.2916150000000926,0.6249750000001768,0.6666399999999157,0.5161290322579623,16.85765900000024,17.482634000000417,2023,2098,False,False,3P,S2,right
10,17.482634000000417,1.291558549924935,0.0584930884,1.3249469999996109,0.6666399999999157,0.6583069999996951,0.4968553459118655,18.14094100000011,18.807581000000027,2177,2257,True,False,3P,S2,right
11,18.807581000000027,1.3080712702285269,0.0605675747,1.3582790000000386,0.7083049999996547,0.649974000000384,0.4785276073622322,19.45755500000041,20.165860000000063,2335,2420,True,False,3P,S2,right
12,20.165860000000063,1.3228441135855171,0.0640091755,1.3666120000002593,0.6833059999999023,0.683306000000357,0.5000000000001664,20.849166000000423,21.532472000000325,2502,2584,False,False,3P,S2,right
13,21.532472000000325,1.241743362060283,0.0508973533,1.3749450000000252,0.6999720000003435,0.6749729999996816,0.4909090909088504,22.207445000000007,22.90741700000035,2665,2749,True,False,3P,S2,right
14,22.90741700000035,1.023108996552472,0.0490638301,1.3666119999998043,0.6416410000001633,0.7249709999996412,0.5304878048778621,23.63238799999999,24.274029000000155,2836,2913,True,True,3P,S2,right
15,24.274029000000155,1.9971953799769773,0.0513324094,3.974841000000197,0.6916390000001229,3.283202000000074,0.8259958071278602,27.55723100000023,28.248870000000352,3307,3390,True,True,3P,S2,right
16,28.248870000000352,1.2882966798569422,0.0519112025,1.349945999999818,0.6583070000001499,0.6916389999996682,0.5123456790121689,28.94050900000002,29.59881600000017,3473,3552,False,False,3P,S2,right
17,29.59881600000017,1.2374042189412326,0.051176738,1.3749450000000252,0.6749730000001364,0.6999719999998888,0.5090909090908189,30.29878800000006,30.973761000000195,3636,3717,False,False,3P,S2,right
18,30.973761000000195,1.228016132470276,0.0540034214,1.3916110000000117,0.6833059999999023,0.7083050000001094,0.5089820359282181,31.682066000000304,32.36537200000021,3802,3884,False,False,3P,S2,right
19,32.36537200000021,3.760474877375164,0.0576401654,4.124835000000076,0.6999719999998888,3.4248630000001867,0.8303030303030604,35.79023500000039,36.49020700000028,4295,4379,True,False,3P,S2,right
20,36.49020700000028,1.3142335058178232,0.0605940971,1.3999439999997776,0.7499699999998484,0.6499739999999292,0.4642857142857375,37.14018100000021,37.89015100000006,4457,4547,True,False,3P,S2,right
21,37.89015100000006,1.263909602777576,0.0562315421,1.4249429999999847,0.7416369999996277,0.683306000000357,0.4795321637429457,38.57345700000042,39.315094000000045,4629,4718,True,False,3P,S2,right
22,39.315094000000045,1.2387148191965274,0.0434779654,1.4249429999999847,0.7249709999996412,0.6999720000003435,0.4912280701756849,40.01506600000039,40.74003700000003,4802,4889,True,False,3P,S2,right
23,40.74003700000003,6.975292834915025,0.0269507988,8.51632600000039,0.7999680000002627,7.716358000000127,0.906066536203496,48.45639500000016,49.25636300000042,5815,5911,True,True,3P,S2,right
24,49.25636300000042,1.6594681926182735,0.051720993,2.9498819999998886,0.7166379999998753,2.2332440000000133,0.7570621468926885,51.48960700000043,52.20624500000031,6179,6265,True,True,3P,S2,right
25,52.20624500000031,1.1851489148721384,0.043591065,1.4332759999997506,0.6499739999999292,0.7833019999998214,0.5465116279069472,52.98954700000013,53.63952100000006,6359,6437,False,False,3P,S2,right
26,53.63952100000006,1.1885027937295785,0.0473477705,1.3582790000000386,0.6833059999999023,0.6749730000001364,0.4969325153375096,54.3144940000002,54.9978000000001,6518,6600,True,False,3P,S2,right
27,54.9978000000001,1.1862961970192414,0.0460683573,1.3999440000002323,0.6916390000001229,0.7083050000001094,0.5059523809523752,55.70610500000021,56.39774400000033,6685,6768,False,False,3P,S2,right
28,56.39774400000033,3.62891846812949,0.0474132105,4.033171999999922,0.6666399999999157,3.3665320000000065,0.8347107438016707,59.764276000000336,60.43091600000025,7172,7252,True,False,3P,S2,right
29,60.43091600000025,1.1612057380421463,0.0457848963,1.3749450000000252,0.6916390000001229,0.6833059999999023,0.4969696969696168,61.11422200000016,61.80586100000028,7334,7417,True,False,3P,S2,right
30,61.80586100000028,9.428884782597708,0.0502204613,10.757902999999716,0.7583029999996143,9.9996000000001,0.9295120061967806,71.80546100000038,72.56376399999999,8617,8708,True,False,3P,S2,right
31,72.56376399999999,1.8379199012980083,0.0549228811,5.21645800000033,0.6833059999999023,4.533152000000428,0.8690095846645638,77.09691600000042,77.78022200000032,9252,9334,True,True,3P,S2,right
32,77.78022200000032,1.2938065421226843,0.055906464,1.3749450000000252,0.7166380000003301,0.6583069999996951,0.4787878787876483,78.43852900000002,79.15516700000035,9413,9499,True,False,3P,S2,right
33,79.15516700000035,1.27337130777787,0.0567766491,1.4082769999999982,0.7166380000003301,0.6916389999996682,0.4911242603547945,79.84680600000002,80.56344400000035,9582,9668,True,False,3P,S2,right
34,80.56344400000035,1.1764909814803557,0.0499629927,1.3332799999998317,0.6749730000001364,0.6583069999996951,0.4937499999998337,81.22175100000004,81.89672400000018,9747,9828,True,False,3P,S2,right
35,81.89672400000018,1.2846125576654872,0.0583230603,1.4082769999999982,0.724971000000096,0.6833059999999023,0.4852071005916472,82.58003000000008,83.30500100000017,9910,9997,True,False,3P,S2,right
36,83.30500100000017,4.647966447731651,0.0505788625,5.508112999999867,0.7166379999998753,4.791474999999991,0.8698940998487336,88.09647600000017,88.81311400000004,10572,10658,True,False,3P,S2,right
37,88.81311400000004,1.256592633839007,0.0489440247,1.3666120000002593,0.6833059999999023,0.683306000000357,0.5000000000001664,89.4964200000004,90.1797260000003,10740,10822,False,False,3P,S2,right
38,90.1797260000003,1.2395509945333485,0.0546839233,1.383277999999791,0.7166379999998753,0.6666399999999157,0.4819277108433853,90.84636600000022,91.56300400000008,10902,10988,True,False,3P,S2,right
39,91.56300400000008,1.2511475905414244,0.0540786111,1.3916110000000117,0.6916390000001229,0.6999719999998888,0.5029940119759637,92.26297599999998,92.9546150000001,11072,11155,False,False,3P,S2,right
40,92.9546150000001,1.2621523642254031,0.0603520256,1.3916110000000117,0.7083050000001094,0.6833059999999023,0.4910179640717819,93.637921,94.34622600000012,11237,11322,True,False,3P,S2,right
41,94.34622600000012,1.292995854144657,0.0537259953,1.3832780000002458,0.6916390000001229,0.6916390000001229,0.5,95.03786500000024,95.72950400000036,11405,11488,False,False,3P,S2,right
42,95.72950400000036,1.2624891540015934,0.0594283404,1.3916110000000117,0.6666400000003705,0.7249709999996412,0.5209580838320731,96.454475,97.12111500000036,11575,11655,False,False,3P,S2,right
0,3.1165419999999813,1.3668738444021504,0.0799018873,1.366612000000032,0.6083089999999629,0.758303000000069,0.5548780487805254,3.8748450000000494,4.483154000000013,465,538,False,False,1P,S1,right
1,4.483154000000013,1.3405802838387657,0.0813154019,1.3749450000000252,0.6249749999999494,0.7499700000000757,0.5454545454545906,5.233124000000089,5.858099000000038,628,703,False,False,1P,S1,right
2,5.858099000000038,1.3351474766811724,0.083040616,1.4499419999999643,0.6666399999999157,0.7833020000000488,0.5402298850575181,6.641401000000087,7.308041000000003,797,877,False,False,1P,S1,right
3,7.308041000000003,1.2538043565355086,0.0862885619,3.591523000000052,0.6166419999999562,2.974881000000096,0.8283062645011747,10.2829220000001,10.899564000000057,1234,1308,True,True,1P,S1,right
4,10.899564000000057,1.445813439804815,0.087978275,1.4082769999999982,0.6333080000001701,0.7749689999998282,0.5502958579880444,11.674532999999885,12.307841000000051,1401,1477,False,False,1P,S1,right
5,12.307841000000051,1.3935055555602711,0.0841879711,1.316613999999845,0.5249789999998029,0.791635000000042,0.6012658227849129,13.099476000000095,13.624454999999898,1572,1635,False,False,1P,S1,right
6,13.624454999999898,1.31283034805883,0.0833659238,1.4666080000001784,0.6416410000001633,0.8249670000000151,0.5624999999999418,14.449421999999911,15.091063000000076,1734,1811,True,True,1P,S1,right
7,15.091063000000076,1.3730389302427624,0.0832370123,3.008212999999841,0.5916429999999764,2.416569999999865,0.8033240997229891,17.50763299999994,18.09927599999992,2101,2172,True,True,1P,S1,right
8,18.09927599999992,1.463449288890338,0.0827898607,1.5249390000001313,0.6499740000001566,0.8749649999999747,0.5737704918032127,18.974240999999893,19.62421500000005,2277,2355,False,False,1P,S1,right
9,19.62421500000005,1.4016536625063216,0.0813494539,1.433275999999978,0.5499780000000101,0.8832979999999679,0.616279069767429,20.507513000000017,21.057491000000027,2461,2527,False,False,1P,S1,right
10,21.057491000000027,1.3885695905782074,0.0861488951,1.4582749999999578,0.6166419999999562,0.8416330000000016,0.5771428571428749,21.89912400000003,22.515765999999985,2628,2702,True,True,1P,S1,right
11,22.515765999999985,1.386717718621228,0.0786049579,2.933215999999902,0.6166419999999562,2.316573999999946,0.7897727272727352,24.83233999999993,25.448981999999887,2980,3054,True,True,1P,S1,right
12,25.448981999999887,1.448694038034667,0.0815362254,1.4916070000001582,0.5249790000000303,0.966628000000128,0.6480446927374472,26.41561000000001,26.940589000000045,3170,3233,False,False,1P,S1,right
13,26.940589000000045,1.4468052294649123,0.080778784,1.4832739999999376,0.6083089999999629,0.8749649999999747,0.589887640449446,27.81555400000002,28.423862999999983,3338,3411,False,False,1P,S1,right
14,28.423862999999983,1.2716528427889495,0.0779063956,1.4832739999999376,0.6249749999999494,0.8582989999999882,0.5786516853932748,29.28216199999997,29.90713699999992,3514,3589,False,False,1P,S1,right
15,29.90713699999992,1.2830709893953838,0.0813303869,3.158207000000175,0.4916470000000572,2.6665600000001177,0.8443271767809931,32.57369700000004,33.065344000000096,3909,3968,True,True,1P,S1,right
16,33.065344000000096,1.527701872388658,0.0889527182,1.4499419999997372,0.591642999999749,0.8582989999999882,0.5919540229886049,33.923643000000084,34.51528599999983,4071,4142,False,False,1P,S1,right
17,34.51528599999983,1.4249006982981236,0.084093371,1.4582750000001852,0.5666439999999966,0.8916310000001886,0.6114285714286231,35.40691700000002,35.97356100000002,4249,4317,False,False,1P,S1,right
18,35.97356100000002,1.261399341158273,0.0860823495,1.3832780000000184,0.5916430000002038,0.7916349999998147,0.5722891566263644,36.76519599999983,37.35683900000004,4412,4483,False,False,1P,S1,right
19,37.35683900000004,1.4670559458242056,0.0798114578,3.483193999999912,0.6583069999999225,2.8248869999999897,0.8110047846890127,40.181726000000026,40.84003299999995,4822,4901,True,True,1P,S1,right
20,40.84003299999995,1.3908715599824253,0.0799384517,1.3749450000000252,0.5249790000000303,0.8499659999999949,0.6181818181818032,41.68999899999994,42.21497799999997,5003,5066,False,False,1P,S1,right
21,42.21497799999997,1.456498444532817,0.0916749841,1.399944000000005,0.5583110000000033,0.8416330000000016,0.6011904761904753,43.056610999999975,43.61492199999998,5167,5234,False,False,1P,S1,right
22,43.61492199999998,1.2551068701723944,0.0828832305,1.4749409999999443,0.5999759999999696,0.8749649999999747,0.593220338983056,44.48988699999995,45.08986299999992,5339,5411,True,True,1P,S1,right
23,45.08986299999992,1.5469821662253365,0.0836552619,2.5082330000000184,0.6499739999999292,1.8582590000000887,0.7408637873754454,46.94812200000001,47.59809599999994,5634,5712,True,True,1P,S1,right
24,47.59809599999994,1.4585534879450726,0.0808809288,1.3832780000000184,0.6249749999999494,0.758303000000069,0.5481927710843799,48.35639900000001,48.98137399999996,5803,5878,False,False,1P,S1,right
25,48.98137399999996,1.4217910395120636,0.0792588375,1.4082769999999982,0.6249749999999494,0.7833020000000488,0.5562130177515147,49.76467600000001,50.38965099999996,5972,6047,False,False,1P,S1,right
26,50.38965099999996,1.1326311670769962,0.0756761068,1.399944000000005,0.5749769999999899,0.8249670000000151,0.589285714285723,51.21461799999997,51.78959499999996,6146,6215,True,True,1P,S1,right
27,51.78959499999996,1.444483025010155,0.0807823188,2.79988800000001,0.6166419999999562,2.1832460000000538,0.7797619047619212,53.97284100000002,54.58948299999997,6477,6551,True,True,1P,S1,right
28,54.58948299999997,1.4637069083507774,0.0857050674,1.3249470000000656,0.5499780000000101,0.7749690000000555,0.5849056603773715,55.36445200000003,55.91443000000004,6644,6710,False,False,1P,S1,right
29,55.91443000000004,1.453285210688074,0.079312835,1.4082769999999982,0.5333120000000235,0.8749649999999747,0.6213017751479119,56.78939500000001,57.32270700000004,6815,6879,False,False,1P,S1,right
30,57.32270700000004,1.2797143093975307,0.0815509166,1.4416089999999713,0.6333080000001701,0.8083009999998012,0.5606936416183704,58.13100799999984,58.76431600000001,6976,7052,True,True,1P,S1,right
31,58.76431600000001,1.5251399926579787,0.0782827427,2.749889999999823,0.5499779999997827,2.1999120000000403,0.8000000000000661,60.96422800000005,61.51420599999983,7316,7382,True,True,1P,S1,right
32,61.51420599999983,1.476825122949693,0.0820353736,1.341613000000052,0.5666439999999966,0.7749690000000555,0.577639751552814,62.28917499999989,62.85581899999988,7475,7543,False,False,1P,S1,right
33,62.85581899999988,1.4165406004775845,0.0825380311,1.3499460000000454,0.5666439999999966,0.7833020000000488,0.5802469135802636,63.63912099999993,64.20576499999993,7637,7705,False,False,1P,S1,right
34,64.20576499999993,1.1398725542315833,0.0758087416,1.3832780000000184,0.5416450000000168,0.8416330000000016,0.6084337349397521,65.04739799999993,65.58904299999995,7806,7871,True,True,1P,S1,right
35,65.58904299999995,1.3737870393915752,0.0792962609,2.6248950000001514,0.5916430000002038,2.033251999999948,0.77460317460311,67.6222949999999,68.2139380000001,8115,8186,True,True,1P,S1,right
36,68.2139380000001,1.4553116367811612,0.0843751137,1.399944000000005,0.6333080000001701,0.7666359999998349,0.5476190476189278,68.98057399999993,69.6138820000001,8278,8354,False,False,1P,S1,right
37,69.6138820000001,1.4588583441595029,0.0847409242,1.3582789999998113,0.5333120000000235,0.8249669999997877,0.6073619631901122,70.43884899999989,70.97216099999991,8453,8517,False,False,1P,S1,right
38,70.97216099999991,1.345865783013681,0.0826761613,1.4666080000001784,0.6499740000001566,0.8166340000000218,0.5568181818181289,71.78879499999994,72.4387690000001,8615,8693,True,True,1P,S1,right
0,2.216578000000027,1.3121343579348863,0.0684022655,1.308281000000079,0.6249750000001768,0.6833059999999023,0.522292993630467,2.899883999999929,3.524859000000106,348,423,False,False,2P,S2,right
1,3.524859000000106,1.315261866982579,0.0612386756,1.241617000000133,0.5999759999999696,0.6416410000001633,0.5167785234900091,4.166500000000269,4.766476000000239,500,572,False,False,2P,S2,right
2,4.766476000000239,1.298891312669508,0.0699247346,1.341613000000052,0.6166420000004109,0.7249709999996412,0.540372670807165,5.49144699999988,6.108089000000291,659,733,False,False,2P,S2,right
3,6.108089000000291,1.317965424887728,0.07222822,1.2749489999996513,0.6249749999997221,0.6499739999999292,0.5098039215687113,6.75806300000022,7.383037999999942,811,886,False,False,2P,S2,right
4,7.383037999999942,1.3030470802731846,0.0670321503,1.2582830000001195,0.5666439999999966,0.6916390000001229,0.5496688741722309,8.074677000000065,8.641321000000062,969,1037,False,False,2P,S2,right
5,8.641321000000062,1.2972171342984142,0.0610973918,1.2499499999998989,0.5999759999999696,0.6499739999999292,0.5199999999999855,9.291294999999993,9.89127099999996,1115,1187,False,False,2P,S2,right
6,9.89127099999996,1.3412477664049116,0.0636308047,1.26661600000034,0.5916430000002038,0.6749730000001364,0.5328947368420698,10.566244000000095,11.1578870000003,1268,1339,False,False,2P,S2,right
7,11.1578870000003,1.2939220536212168,0.0569029912,1.2999479999998584,0.6249750000001768,0.6749729999996816,0.5192307692305809,11.832859999999982,12.45783500000016,1420,1495,False,False,2P,S2,right
8,12.45783500000016,1.3232488264994695,0.0622401323,1.316613999999845,0.6416409999997086,0.6749730000001364,0.5126582278482652,13.132808000000296,13.774449000000004,1576,1653,False,False,2P,S2,right
9,13.774449000000004,1.3109888298429455,0.0609582536,1.3249470000000656,0.6083090000001903,0.7166379999998753,0.5408805031445332,14.49108699999988,15.09939600000007,1739,1812,False,False,2P,S2,right
10,15.09939600000007,1.293547639746498,0.0516828802,1.2999479999998584,0.6333079999999427,0.6666399999999157,0.5128205128205039,15.766035999999986,16.399343999999928,1892,1968,False,False,2P,S2,right
11,16.399343999999928,1.2993440865150927,0.073277512,1.2916150000000926,0.5833099999999831,0.7083050000001094,0.548387096774239,17.107649000000038,17.69095900000002,2053,2123,False,False,2P,S2,right
12,17.69095900000002,1.30892340094089,0.0640319541,1.308281000000079,0.6416410000001633,0.6666399999999157,0.5095541401272934,18.357598999999936,18.9992400000001,2203,2280,False,False,2P,S2,right
13,18.9992400000001,1.22168189063927,0.0582031172,1.341613000000052,0.6416410000001633,0.6999719999998888,0.5217391304346795,19.69921199999999,20.340853000000152,2364,2441,False,False,2P,S2,right
14,20.340853000000152,0.7426414944564702,0.0250136391,1.283281999999872,0.5749769999997625,0.7083050000001094,0.5519480519481923,21.04915800000026,21.624135000000024,2526,2594,True,True,2P,S2,right
15,21.624135000000024,1.7785144786731788,0.0617093556,2.8832179999999425,0.6583069999996951,2.2249110000002474,0.7716763005781359,23.84904600000027,24.507352999999966,2861,2940,True,True,2P,S2,right
16,24.507352999999966,1.3076099786201003,0.0571848457,1.3249470000000656,0.6166419999999562,0.7083050000001094,0.5345911949686096,25.21565800000008,25.832300000000032,3025,3099,False,False,2P,S2,right
17,25.832300000000032,1.328469383261436,0.062589133,1.2666159999998854,0.6249749999997221,0.6416410000001633,0.5065789473685959,26.473941000000195,27.09891599999992,3176,3251,False,False,2P,S2,right
18,27.09891599999992,1.3193372926564468,0.0655341611,1.3332800000002862,0.6416410000001633,0.6916390000001229,0.5187499999999808,27.79055500000004,28.432196000000204,3334,3411,False,False,2P,S2,right
19,28.432196000000204,1.3062435330493858,0.0597439762,1.3916110000000117,0.6416410000001633,0.7499699999998484,0.5389221556885092,29.18216600000005,29.82380700000021,3501,3578,False,False,2P,S2,right
20,29.82380700000021,1.288424815605498,0.0460832198,1.349945999999818,0.6749730000001364,0.6749729999996816,0.4999999999998316,30.498779999999897,31.17375300000004,3659,3740,True,False,2P,S2,right
21,31.17375300000004,1.2790818522555842,0.0570794367,1.3249470000000656,0.6249750000001768,0.6999719999998888,0.5283018867923427,31.87372499999992,32.4987000000001,3824,3899,False,False,2P,S2,right
22,32.4987000000001,1.316642551346681,0.0600258346,1.383277999999791,0.6666399999999157,0.7166379999998753,0.5180722891566146,33.215337999999974,33.88197799999989,3985,4065,False,False,2P,S2,right
23,33.88197799999989,1.3309300593926408,0.0592133719,1.3832780000002458,0.6666399999999157,0.7166380000003301,0.5180722891567731,34.59861600000022,35.265256000000136,4151,4231,False,False,2P,S2,right
24,35.265256000000136,1.3294386808240688,0.0619565261,1.341613000000052,0.6333079999999427,0.7083050000001094,0.5279503105590673,35.973561000000245,36.60686900000019,4316,4392,False,False,2P,S2,right
25,36.60686900000019,1.3243222219656388,0.0658267796,1.3332799999998317,0.6249749999997221,0.7083050000001094,0.5312500000001492,37.3151740000003,37.94014900000002,4477,4552,False,False,2P,S2,right
26,37.94014900000002,1.272979652791736,0.0613284059,1.341613000000052,0.6333079999999427,0.7083050000001094,0.5279503105590673,38.64845400000013,39.28176200000007,4637,4713,False,False,2P,S2,right
27,39.28176200000007,1.3274686479229794,0.0678811774,1.3249470000000656,0.6333079999999427,0.6916390000001229,0.5220125786164191,39.973401000000194,40.60670900000014,4796,4872,False,False,2P,S2,right
28,40.60670900000014,1.3062979123803309,0.0637880252,1.308281000000079,0.6333079999999427,0.6749730000001364,0.5159235668790539,41.28168200000027,41.914990000000216,4953,5029,False,False,2P,S2,right
29,41.914990000000216,1.266107436492944,0.0660827754,1.349945999999818,0.6249750000001768,0.7249709999996412,0.5370370370368437,42.63996099999986,43.264936000000034,5116,5191,False,False,2P,S2,right
30,43.264936000000034,1.8316154096556343,0.0614375623,4.274828999999954,0.6333079999999427,3.641521000000012,0.8518518518518636,46.906457000000046,47.53976499999999,5628,5704,True,True,2P,S2,right
31,47.53976499999999,1.2707344001147955,0.0446950077,1.2916150000000926,0.5916430000002038,0.6999719999998888,0.5419354838708428,48.23973699999988,48.83138000000008,5788,5859,False,False,2P,S2,right
32,48.83138000000008,1.2986662576811767,0.066354127,1.3749450000000252,0.6833059999999023,0.6916390000001229,0.5030303030303832,49.52301900000021,50.206325000000106,5942,6024,False,False,2P,S2,right
33,50.206325000000106,1.3165370869722035,0.0691154288,1.3666119999998043,0.6583069999996951,0.7083050000001094,0.5182926829269835,50.914630000000216,51.57293699999991,6109,6188,False,False,2P,S2,right
34,51.57293699999991,1.3104687138443385,0.0566588449,1.2999480000003132,0.6166419999999562,0.683306000000357,0.5256410256411737,52.25624300000027,52.872885000000224,6270,6344,False,False,2P,S2,right
35,52.872885000000224,1.3094503946755414,0.0574713124,1.2749489999996513,0.6249749999997221,0.6499739999999292,0.5098039215687113,53.52285900000015,54.14783399999988,6422,6497,False,False,2P,S2,right
36,54.14783399999988,1.2775760250954966,0.0587829517,1.3249470000000656,0.6499739999999292,0.6749730000001364,0.5094339622642287,54.82280700000001,55.47278099999994,6578,6656,False,False,2P,S2,right
37,55.47278099999994,1.3379819996119626,0.0612979242,1.3666120000002593,0.6416410000001633,0.724971000000096,0.5304878048780184,56.19775200000004,56.8393930000002,6743,6820,False,False,2P,S2,right
38,56.8393930000002,1.362566251228832,0.0636625631,1.3332799999998317,0.6333079999999427,0.6999719999998888,0.5249999999999829,57.53936500000009,58.17267300000003,6904,6980,False,False,2P,S2,right
39,58.17267300000003,1.3555309972816714,0.061863421,1.341613000000052,0.6749730000001364,0.6666399999999157,0.4968944099378061,58.83931299999995,59.51428600000008,7060,7141,True,False,2P,S2,right
40,59.51428600000008,1.3369978341362956,0.072155989,1.316613999999845,0.6416409999997086,0.6749730000001364,0.5126582278482652,60.18925900000022,60.83089999999993,7222,7299,False,False,2P,S2,right
41,60.83089999999993,1.3404464196112895,0.0558550978,1.3249470000000656,0.6166419999999562,0.7083050000001094,0.5345911949686096,61.53920500000004,62.155847,7384,7458,False,False,2P,S2,right
42,62.155847,1.3785416158237214,0.0621396163,1.3249470000000656,0.6749730000001364,0.6499739999999292,0.4905660377357713,62.80582099999992,63.48079400000006,7536,7617,True,False,2P,S2,right
43,63.48079400000006,1.247913117288008,0.0582882148,1.308281000000079,0.6333079999999427,0.6749730000001364,0.5159235668790539,64.1557670000002,64.78907500000014,7698,7774,False,False,2P,S2,right
44,64.78907500000014,1.503276168456825,0.0664336114,4.933136000000104,0.6249750000001768,4.308160999999927,0.8733108108107777,69.09723600000007,69.72221100000024,8291,8366,True,True,2P,S2,right
45,69.72221100000024,1.3186622375438086,0.0618606729,1.3082809999996243,0.6249749999997221,0.6833059999999023,0.5222929936306485,70.40551700000015,71.03049199999987,8448,8523,False,False,2P,S2,right
46,71.03049199999987,1.2803329591879282,0.0685684624,1.2999480000003132,0.6166419999999562,0.683306000000357,0.5256410256411737,71.71379800000022,72.33044000000018,8605,8679,False,False,2P,S2,right
47,72.33044000000018,1.2585838143761756,0.0631759582,1.2999479999998584,0.6166419999999562,0.6833059999999023,0.5256410256410077,73.01374600000008,73.63038800000004,8761,8835,False,False,2P,S2,right
48,73.63038800000004,1.224025848534508,0.0477692673,1.2916150000000926,0.5833099999999831,0.7083050000001094,0.548387096774239,74.33869300000015,74.92200300000013,8920,8990,False,False,2P,S2,right
49,74.92200300000013,1.3253896363293416,0.0624699435,1.383277999999791,0.6583069999996951,0.724971000000096,0.5240963855423172,75.64697400000023,76.30528099999992,9077,9156,False,False,2P,S2,right
50,76.30528099999992,1.2818250669366595,0.0560272346,1.3749450000000252,0.6916389999996682,0.683306000000357,0.4969696969699475,76.98858700000028,77.68022599999995,9238,9321,True,False,2P,S2,right
51,77.68022599999995,1.2654108663782615,0.0501853744,1.3582790000000386,0.6333079999999427,0.724971000000096,0.533742331288399,78.40519700000004,79.03850499999999,9408,9484,False,False,2P,S2,right
52,79.03850499999999,1.3090700767560617,0.063548861,1.3832780000002458,0.6583070000001499,0.724971000000096,0.5240963855421449,79.76347600000008,80.42178300000023,9571,9650,False,False,2P,S2,right
53,80.42178300000023,1.3050555788626346,0.0584894683,1.4082769999999982,0.6499739999999292,0.758303000000069,0.5384615384615882,81.1800860000003,81.83006000000023,9741,9819,False,False,2P,S2,right
54,81.83006000000023,1.2624888799906948,0.0610998576,1.3666119999998043,0.6416410000001633,0.7249709999996412,0.5304878048778621,82.55503099999987,83.19667200000004,9906,9983,False,False,2P,S2,right
55,83.19667200000004,1.2717540237519558,0.0572245011,1.3832780000002458,0.6416410000001633,0.7416370000000825,0.5361445783132174,83.93830900000012,84.57995000000028,10072,10149,False,False,2P,S2,right
56,84.57995000000028,1.2835401523567715,0.0579044048,1.349945999999818,0.6249750000001768,0.7249709999996412,0.5370370370368437,85.30492099999992,85.9298960000001,10236,10311,False,False,2P,S2,right
57,85.9298960000001,1.2973107726360191,0.0788489879,1.341613000000052,0.6333079999999427,0.7083050000001094,0.5279503105590673,86.63820100000021,87.27150900000015,10396,10472,False,False,2P,S2,right
58,87.27150900000015,1.0553733370602658,0.048955023,1.3916110000000117,0.6166419999999562,0.7749690000000555,0.5568862275449454,88.0464780000002,88.66312000000016,10565,10639,False,False,2P,S2,right
0,3.208204999999907,1.5207301776537043,0.0827190993579388,1.0916230000000269,0.4166500000001178,0.674972999999909,0.6183206106869243,3.883177999999816,4.299827999999934,466,516,False,False,regular,S2,right
1,4.299827999999934,1.5079617141725594,0.1030681208912224,1.0916230000000269,0.4166499999998905,0.6749730000001364,0.6183206106871326,4.97480100000007,5.391450999999961,597,647,False,False,regular,S2,right
2,5.391450999999961,1.5263076442002352,0.0937800017659382,1.1666199999999662,0.4583149999998568,0.7083050000001094,0.6071428571429686,6.09975600000007,6.558070999999927,732,787,False,False,regular,S2,right
3,6.558070999999927,1.4977244686894626,0.0883577139463548,1.1082890000000134,0.4499819999998635,0.6583070000001499,0.5939849624061431,7.216378000000077,7.666359999999939,866,920,False,False,regular,S2,right
4,7.666359999999939,1.5053093227295211,0.093850017131237,1.09995600000002,0.4499820000000909,0.6499739999999292,0.5909090909090158,8.31633399999987,8.76631599999996,998,1052,False,False,regular,S2,right
5,8.76631599999996,1.4547568374676343,0.091869663222871,1.0416250000000673,0.3999840000001313,0.641640999999936,0.6159999999998987,9.407956999999897,9.807941000000028,1129,1177,False,False,regular,S2,right
6,9.807941000000028,1.5237763730599208,0.0892899513918783,1.1416209999999865,0.4499820000000909,0.6916389999998955,0.6058394160583098,10.499579999999924,10.949562000000014,1260,1314,False,False,regular,S2,right
7,10.949562000000014,1.407772843995447,0.0834593089362874,1.0499580000000606,0.3999840000001313,0.6499739999999292,0.6190476190475159,11.599535999999944,11.999520000000077,1392,1440,False,False,regular,S2,right
8,11.999520000000077,1.4488729363106845,0.0817831072199626,1.0999559999997928,0.3999839999999039,0.6999719999998888,0.6363636363636551,12.699491999999964,13.099475999999868,1524,1572,False,False,regular,S2,right
9,13.099475999999868,1.4686172525580627,0.0923763655850339,1.1332880000002206,0.4416490000000976,0.6916390000001229,0.6102941176470486,13.79111499999999,14.232764000000088,1655,1708,False,False,regular,S2,right
10,14.232764000000088,1.261218066966403,0.0686097656884186,1.0582909999998265,0.3999839999999039,0.6583069999999225,0.622047244094517,14.89107100000001,15.291054999999917,1787,1835,False,False,regular,S2,right
11,15.291054999999917,0.6076576192697141,0.0506127871181215,3.3082010000000537,0.433315999999877,2.8748850000001767,0.8690176322418529,18.16594000000009,18.59925599999997,2180,2232,True,True,regular,S2,right
12,18.59925599999997,1.4125617327405422,0.0806225465298199,1.158286999999973,0.433315999999877,0.724971000000096,0.625899280575637,19.324227000000064,19.75754299999994,2319,2371,False,False,regular,S2,right
13,19.75754299999994,1.409419449859465,0.0848180998997468,1.033292000000074,0.3916510000001381,0.641640999999936,0.6209677419353774,20.39918399999988,20.79083500000001,2448,2495,False,False,regular,S2,right
14,20.79083500000001,1.448972505873251,0.0809187719745754,1.1166220000000069,0.4333160000001044,0.6833059999999023,0.6119402985073715,21.47414099999992,21.907457000000026,2577,2629,False,False,regular,S2,right
15,21.907457000000026,1.3803672455117693,0.0882057085321134,1.0416250000000673,0.3916510000001381,0.6499739999999292,0.6239999999998918,22.55743099999995,22.94908200000009,2707,2754,False,False,regular,S2,right
16,22.94908200000009,1.4207055999789937,0.087320212612197,1.1416209999999865,0.4499820000000909,0.6916389999998955,0.6058394160583098,23.640720999999985,24.09070300000008,2837,2891,False,False,regular,S2,right
17,24.09070300000008,1.3749935495026155,0.0794793102074435,1.074956999999813,0.4083169999998972,0.6666399999999157,0.6201550387597194,24.75734299999999,25.16565999999989,2971,3020,False,False,regular,S2,right
18,25.16565999999989,1.414403965772461,0.08356712682137,1.0916230000000269,0.3999839999999039,0.6916390000001229,0.633587786259639,25.85729900000001,26.25728299999992,3103,3151,False,False,regular,S2,right
19,26.25728299999992,1.404374699798281,0.0712030139857165,1.124955,0.4166499999998905,0.7083050000001094,0.6296296296297269,26.965588000000025,27.38223799999992,3236,3286,False,False,regular,S2,right
20,27.38223799999992,1.3407049563125988,0.0767731319367352,1.0916230000000269,0.3999840000001313,0.6916389999998955,0.6335877862594307,28.07387699999981,28.473860999999943,3369,3417,False,False,regular,S2,right
21,28.473860999999943,1.3612887779545155,0.0813338460584465,1.1332879999999932,0.4083170000001246,0.7249709999998686,0.6397058823528291,29.19883199999981,29.607148999999936,3504,3553,False,False,regular,S2,right
22,29.607148999999936,1.335152142298202,0.081719209795363,1.124955,0.3999840000001313,0.7249709999998686,0.6444444444443277,30.332119999999804,30.732103999999936,3640,3688,False,False,regular,S2,right
23,30.732103999999936,1.3822939565379595,0.0831561108358522,1.158286999999973,0.4166499999998905,0.7416370000000825,0.6402877697842588,31.47374100000001,31.89039099999991,3777,3827,False,False,regular,S2,right
24,31.89039099999991,1.3359771643381229,0.0876036840514406,1.1666199999999662,0.4083169999998972,0.758303000000069,0.650000000000078,32.64869399999998,33.057010999999875,3918,3967,False,False,regular,S2,right
25,33.057010999999875,0.2776197071113024,0.0172963766531,1.1332879999999932,0.2916549999999915,0.8416330000000016,0.7426470588235353,33.89864399999988,34.19029899999987,4068,4103,True,True,regular,S2,right
26,34.19029899999987,2.09127432688272,0.0794268297260731,3.941509000000224,0.3916510000001381,3.5498580000000857,0.9006342494714293,37.740156999999954,38.13180800000009,4529,4576,True,True,regular,S2,right
27,38.13180800000009,1.386578709966924,0.078450267952249,1.1499539999999795,0.4333160000001044,0.7166379999998753,0.6231884057970041,38.84844599999997,39.28176200000007,4662,4714,False,False,regular,S2,right
28,39.28176200000007,1.3452734170334628,0.0760417207379552,1.124955,0.4416490000000976,0.6833059999999023,0.6074074074073206,39.96506799999997,40.40671700000007,4796,4849,False,False,regular,S2,right
29,40.40671700000007,1.3136146168281877,0.0822333802577142,1.0666239999998195,0.3916509999999107,0.674972999999909,0.6328125000000216,41.08168999999998,41.47334099999989,4930,4977,False,False,regular,S2,right
30,41.47334099999989,1.3800959642242847,0.0891329944016914,1.1166220000000069,0.3999839999999039,0.7166380000001027,0.6417910447762075,42.189979,42.5899629999999,5063,5111,False,False,regular,S2,right
31,42.5899629999999,1.4036001578138348,0.0797701668611854,1.1416209999999865,0.433315999999877,0.7083050000001094,0.6204379562044828,43.29826800000001,43.73158399999989,5196,5248,False,False,regular,S2,right
32,43.73158399999989,1.3610926326102184,0.0817350377508079,1.0749570000000404,0.3999839999999039,0.6749730000001364,0.6279069767442893,44.40655700000002,44.806540999999925,5329,5377,False,False,regular,S2,right
33,44.806540999999925,1.3895147241802157,0.081940128888501,1.1082890000000134,0.3999840000001313,0.7083049999998821,0.6390977443607881,45.51484599999981,45.91482999999994,5462,5510,False,False,regular,S2,right
34,45.91482999999994,1.4287746014713718,0.0885171397633784,1.09995600000002,0.3999840000001313,0.6999719999998888,0.6363636363635237,46.61480199999983,47.01478599999996,5594,5642,False,False,regular,S2,right
35,47.01478599999996,1.4710291811376226,0.0883026312949894,1.158286999999973,0.4499819999998635,0.7083050000001094,0.6115107913670152,47.72309100000007,48.17307299999993,5727,5781,False,False,regular,S2,right
36,48.17307299999993,1.4193566464151763,0.0907556245081553,1.09995600000002,0.4166499999998905,0.6833060000001296,0.6212121212122277,48.85637900000006,49.27302899999995,5863,5913,False,False,regular,S2,right
37,49.27302899999995,1.4490488235130408,0.0881967332388261,1.124955,0.4083170000001246,0.7166379999998753,0.6370370370369263,49.98966699999983,50.39798399999995,5999,6048,False,False,regular,S2,right
38,50.39798399999995,1.3068732822873907,0.083353004331232,1.1166220000000069,0.3916510000001381,0.7249709999998686,0.649253731343162,51.12295499999982,51.51460599999996,6135,6182,False,False,regular,S2,right
39,51.51460599999996,0.4923595503688423,0.0299932849251887,1.1166220000000069,0.3583189999999376,0.758303000000069,0.679104477611998,52.27290900000003,52.631227999999965,6273,6316,True,True,regular,S2,right
40,52.631227999999965,2.5763035608180784,0.0879857900667467,3.574856999999838,0.4416489999998703,3.133207999999968,0.8764568764569072,55.76443599999993,56.2060849999998,6692,6745,True,True,regular,S2,right
41,56.2060849999998,1.4278779702871132,0.0945425269998229,1.049958000000288,0.3999840000001313,0.6499740000001566,0.6190476190475984,56.85605899999996,57.25604300000009,6823,6871,False,False,regular,S2,right
42,57.25604300000009,1.4509659031987916,0.0898225618226441,1.108288999999786,0.3999839999999039,0.7083049999998821,0.6390977443609193,57.96434799999997,58.36433199999988,6956,7004,False,False,regular,S2,right
43,58.36433199999988,1.4207649415674302,0.0835907166774278,1.0916230000000269,0.3916509999999107,0.6999720000001162,0.6412213740458922,59.06430399999999,59.4559549999999,7088,7135,False,False,regular,S2,right
44,59.4559549999999,1.4389748510301903,0.089769484368138,1.09995600000002,0.3999839999999039,0.6999720000001162,0.6363636363637303,60.15592700000002,60.55591099999992,7219,7267,False,False,regular,S2,right
45,60.55591099999992,1.417360064571433,0.0887122198793814,1.09995600000002,0.3999840000001313,0.6999719999998888,0.6363636363635237,61.25588299999981,61.65586699999994,7351,7399,False,False,regular,S2,right
46,61.65586699999994,1.399333382239483,0.0805160909175402,1.09995600000002,0.3916510000001381,0.7083049999998821,0.6439393939392749,62.36417199999983,62.75582299999997,7484,7531,False,False,regular,S2,right
47,62.75582299999997,1.3998994488576877,0.0841787840563178,1.09995600000002,0.3999839999999039,0.6999720000001162,0.6363636363637303,63.45579500000008,63.855778999999984,7615,7663,False,False,regular,S2,right
48,63.855778999999984,1.3736073002651583,0.0846024668694286,1.1082890000000134,0.3916509999999107,0.7166380000001027,0.6466165413534682,64.57241700000009,64.964068,7749,7796,False,False,regular,S2,right
49,64.964068,1.3593507419516364,0.0878714873841248,1.124955,0.3999840000001313,0.7249709999998686,0.6444444444443277,65.68903899999987,66.089023,7883,7931,False,False,regular,S2,right
50,66.089023,1.3355273567993462,0.0748913924280336,1.124955,0.3916509999999107,0.7333040000000892,0.6518518518519312,66.82232700000009,67.213978,8019,8066,False,False,regular,S2,right
51,67.213978,1.316818258357087,0.0771549560937478,1.1082890000000134,0.3916510000001381,0.7166379999998753,0.6466165413532632,67.93061599999987,68.32226700000001,8152,8199,False,False,regular,S2,right
52,68.32226700000001,1.2607975911986138,0.0717343360700001,1.2082849999999326,0.4416489999998703,0.7666360000000623,0.6344827586207766,69.08890300000007,69.53055199999994,8291,8344,False,False,regular,S2,right
53,69.53055199999994,0.3655730824081002,0.0237032282217144,1.0416250000000673,0.3583189999999376,0.6833060000001296,0.6560000000000821,70.21385800000007,70.57217700000001,8426,8469,True,True,regular,S2,right
0,3.341532999999913,1.426965679799363,0.0729208705,1.5749370000000908,0.6583070000000362,0.9166300000000548,0.5820105820105832,4.258162999999968,4.916470000000004,511,590,False,False,2P,S1,right
1,4.916470000000004,1.4190175320861735,0.073445638,1.566603999999984,0.716637999999989,0.8499659999999949,0.542553191489364,5.766435999999999,6.483073999999988,692,778,False,False,2P,S1,right
2,6.483073999999988,1.3342092473789258,0.0722282052,1.599935999999957,0.7333039999999755,0.8666319999999814,0.5416666666666696,7.349705999999969,8.083009999999945,882,970,False,False,2P,S1,right
3,8.083009999999945,4.317941088697524,0.0749111161,6.6830660000000535,0.7333039999999755,5.949762000000078,0.8902743142144683,14.032772000000024,14.766075999999998,1684,1772,True,True,2P,S1,right
4,14.766075999999998,1.2620529226533996,0.0701984164,1.566603999999984,0.6999720000000025,0.8666319999999814,0.5531914893616959,15.63270799999998,16.332679999999982,1876,1960,True,True,2P,S1,right
5,16.332679999999982,1.6263386270671591,0.0863892444,3.091543000000001,0.7666359999999486,2.324907000000053,0.7520215633423348,18.657587000000035,19.424222999999984,2239,2331,True,True,2P,S1,right
6,19.424222999999984,1.4997616162429053,0.0834053211,1.5249390000000176,0.6999720000000025,0.8249670000000151,0.5409836065573808,20.24919,20.949162,2430,2514,False,False,2P,S1,right
7,20.949162,1.4262070037199048,0.0815383192,1.5332720000000108,0.7083049999999957,0.8249670000000151,0.5380434782608756,21.774129000000016,22.48243400000001,2613,2698,False,False,2P,S1,right
8,22.48243400000001,1.29251705718144,0.0653161872,1.6082689999999502,0.7833019999999351,0.8249670000000151,0.5129533678756729,23.307401000000027,24.09070299999996,2797,2891,True,True,2P,S1,right
9,24.09070299999996,1.6105142562754056,0.0916638931,2.874885000000063,0.7249709999999823,2.1499140000000807,0.7478260869565334,26.240617000000043,26.965588000000025,3149,3236,True,True,2P,S1,right
10,26.965588000000025,1.4148560220054505,0.0849740481,1.4082769999999982,0.6083090000000766,0.7999679999999216,0.5680473372780516,27.765555999999947,28.373865000000023,3332,3405,False,False,2P,S1,right
11,28.373865000000023,1.5298449885628105,0.0789766654,1.6166019999999437,0.7083049999999957,0.9082969999999476,0.5618556701030801,29.28216199999997,29.990466999999967,3514,3599,False,False,2P,S1,right
12,29.990466999999967,1.3009148140834268,0.0737128711,1.5749370000000908,0.758303000000069,0.8166340000000218,0.5185185185185025,30.80710099999999,31.565404000000058,3697,3788,True,True,2P,S1,right
13,31.565404000000058,1.5849668207484229,0.0822840547,2.766555999999923,0.6249749999999494,2.1415809999999738,0.7740963855421806,33.70698500000003,34.33195999999998,4045,4120,True,True,2P,S1,right
14,34.33195999999998,1.4724372070054317,0.0863954601,1.5499379999999974,0.7249709999999823,0.8249670000000151,0.5322580645161397,35.156927,35.88189799999998,4219,4306,False,False,2P,S1,right
15,35.88189799999998,1.3986565320380713,0.0741156814,1.4916070000000443,0.6333080000000564,0.8582989999999882,0.5754189944133827,36.74019699999997,37.37350500000002,4409,4485,False,False,2P,S1,right
16,37.37350500000002,1.256054622637832,0.0756438384,1.4832739999999376,0.6166419999999562,0.8666319999999814,0.5842696629213604,38.240137,38.85677899999996,4589,4663,True,True,2P,S1,right
17,38.85677899999996,1.4274273902109582,0.0842527808,2.908217000000036,0.6166419999999562,2.29157500000008,0.787965616045863,41.14835400000004,41.764996,4938,5012,True,True,2P,S1,right
18,41.764996,1.404025193795785,0.0802384728,1.5166060000000243,0.6666400000000294,0.8499659999999949,0.5604395604395481,42.61496199999999,43.28160200000002,5113,5193,False,False,2P,S1,right
19,43.28160200000002,1.4539458839758428,0.0895835618,1.4749409999999443,0.674972999999909,0.7999680000000353,0.5423728813559766,44.081570000000056,44.756542999999965,5289,5370,False,False,2P,S1,right
20,44.756542999999965,1.2602144610155563,0.077877877,1.566603999999984,0.7249709999999823,0.8416330000000016,0.5372340425531981,45.59817599999997,46.32314699999995,5471,5558,True,True,2P,S1,right
21,46.32314699999995,1.5512727613912562,0.0816887088,2.6582270000000108,0.6083089999999629,2.049918000000048,0.7711598746081654,48.373065,48.98137399999996,5804,5877,True,True,2P,S1,right
22,48.98137399999996,1.5197214094018154,0.0808077262,1.4916070000000443,0.6416410000000496,0.8499659999999949,0.5698324022346164,49.83133999999996,50.472981,5979,6056,False,False,2P,S1,right
23,50.472981,1.4557575579497024,0.0802105063,1.4832740000000513,0.6749730000000227,0.8083010000000286,0.5449438202247195,51.28128200000003,51.956255000000056,6153,6234,False,False,2P,S1,right
24,51.956255000000056,1.1190656056703423,0.0668589837,1.391610999999898,0.5666439999999966,0.8249669999999014,0.5928143712574576,52.78122199999996,53.347865999999954,6333,6401,True,True,2P,S1,right
25,53.347865999999954,1.508916564053707,0.0888493853,2.7832220000000234,0.6916390000000092,2.091583000000014,0.7514970059880227,55.43944899999997,56.13108799999998,6652,6735,True,True,2P,S1,right
26,56.13108799999998,1.5027978282258925,0.0900859588,1.541605000000004,0.641640999999936,0.8999640000000682,0.5837837837838264,57.031052000000045,57.67269299999998,6843,6920,False,False,2P,S1,right
27,57.67269299999998,1.4051012413382526,0.0880451829,1.3749450000000252,0.5916429999999764,0.7833020000000488,0.5696969696969948,58.45599500000003,59.047638000000006,7014,7085,False,False,2P,S1,right
28,59.047638000000006,1.2573748771521402,0.0851703266,1.599935999999957,0.683306000000016,0.916629999999941,0.5729166666666452,59.96426799999995,60.64757399999996,7195,7277,True,True,2P,S1,right
0,3.283202000000074,1.5074405348247326,0.091567930413745,1.2499499999998989,0.4416489999998703,0.8083010000000286,0.6466666666667419,4.091503000000103,4.533151999999973,491,544,False,False,regular,S1,right
1,4.533151999999973,1.4376945668258445,0.0961352156162895,1.2666160000001128,0.4333160000001044,0.8333000000000084,0.6578947368420534,5.366451999999981,5.7997680000000855,644,696,False,False,regular,S1,right
2,5.7997680000000855,1.23423015258166,0.0710840606912983,1.316613999999845,0.4499819999998635,0.8666319999999814,0.6582278481013292,6.666400000000067,7.1163819999999305,800,854,True,True,regular,S1,right
3,7.1163819999999305,1.5394599002526514,0.0840731146156414,2.30824100000018,0.4249830000001111,1.883258000000069,0.8158844765342622,8.99964,9.42462300000011,1080,1131,True,True,regular,S1,right
4,9.42462300000011,1.4946114584359265,0.0855805532541841,1.2499499999998989,0.4583150000000842,0.7916349999998147,0.6333333333332363,10.216257999999923,10.67457300000001,1226,1281,False,False,regular,S1,right
5,10.67457300000001,1.475330144734219,0.0867115658281246,1.2332839999999123,0.4583149999998568,0.7749690000000555,0.6283783783784681,11.449542000000063,11.907856999999922,1374,1429,False,False,regular,S1,right
6,11.907856999999922,1.346003594881463,0.0832992353464363,1.3499460000002728,0.4999800000000505,0.8499660000002223,0.6296296296296671,12.757823000000144,13.257803000000196,1531,1591,True,True,regular,S1,right
7,13.257803000000196,1.6909390591262907,0.083121302969555,2.508232999999791,0.4749809999998433,2.033251999999948,0.8106312292359271,15.291055000000142,15.766035999999986,1835,1892,True,True,regular,S1,right
8,15.766035999999986,1.5194998143255938,0.0826916934674157,1.2499500000001262,0.4916470000000572,0.758303000000069,0.6066666666666606,16.524339000000055,17.01598600000011,1983,2042,False,False,regular,S1,right
9,17.01598600000011,1.4479367524457056,0.0847832986724998,1.224950999999919,0.4749809999998433,0.7499700000000757,0.6122448979592859,17.765956000000187,18.24093700000003,2132,2189,False,False,regular,S1,right
10,18.24093700000003,1.142039919496325,0.0768796934462754,1.258282999999892,0.4916469999998298,0.7666360000000623,0.6092715231789096,19.007573000000093,19.499219999999923,2281,2340,True,True,regular,S1,right
11,19.499219999999923,1.5158589395468522,0.0793785182152979,2.574897000000192,0.4583150000000842,2.116582000000108,0.82200647249189,21.61580200000003,22.074117000000115,2594,2649,True,True,regular,S1,right
12,22.074117000000115,1.537204849559361,0.0877233340306218,1.2666159999998854,0.4666480000000774,0.7999679999998079,0.6315789473683265,22.874084999999923,23.340733,2745,2801,False,False,regular,S1,right
13,23.340733,1.4985902168073129,0.0853603843947165,1.224950999999919,0.4416489999998703,0.7833020000000488,0.6394557823130073,24.12403500000005,24.56568399999992,2895,2948,False,False,regular,S1,right
14,24.56568399999992,1.2252182362791055,0.078499665149518,1.2499500000001262,0.3916509999999107,0.8582990000002155,0.6866666666667698,25.42398300000013,25.815634000000045,3051,3098,True,True,regular,S1,right
15,25.815634000000045,1.6454342111296445,0.0886749589688153,2.499900000000025,0.4583150000000842,2.041584999999941,0.8166666666666348,27.857218999999983,28.31553400000007,3343,3398,True,True,regular,S1,right
16,28.31553400000007,1.5665765643879723,0.0957311622793966,1.2416169999999056,0.46664799999985,0.7749690000000555,0.6241610738255955,29.09050300000013,29.557150999999976,3491,3547,False,False,regular,S1,right
17,29.557150999999976,1.5072068905720502,0.088049346601943,1.2499500000001262,0.4583150000000842,0.791635000000042,0.633333333333303,30.34878600000002,30.807101000000102,3642,3697,False,False,regular,S1,right
18,30.807101000000102,1.1118548209161114,0.0787586666822482,1.308281000000079,0.4666480000000774,0.8416330000000016,0.6433121019107904,31.648734000000104,32.11538200000018,3798,3854,True,True,regular,S1,right
19,32.11538200000018,1.5954788694723243,0.0896892685030532,2.291574999999739,0.4749809999998433,1.816593999999896,0.7927272727273175,33.93197600000008,34.40695699999992,4072,4129,True,True,regular,S1,right
20,34.40695699999992,1.5191878540550452,0.0907331663307841,1.2666160000001128,0.4749809999998433,0.7916350000002694,0.6250000000001571,35.19859200000019,35.67357300000003,4224,4281,False,False,regular,S1,right
21,35.67357300000003,1.4867255003890425,0.0839129717268009,1.258282999999892,0.4749809999998433,0.7833020000000488,0.6225165562914828,36.45687500000008,36.931855999999925,4375,4432,False,False,regular,S1,right
22,36.931855999999925,1.2455644457450126,0.0753729148859908,1.2999480000000858,0.4166499999998905,0.8832980000001953,0.6794871794872849,37.81515400000012,38.23180400000001,4538,4588,True,True,regular,S1,right
23,38.23180400000001,1.5962555374909582,0.0819640368744911,2.674893000000111,0.4999800000000505,2.1749130000000605,0.8130841121495216,40.40671700000007,40.90669700000012,4849,4909,True,True,regular,S1,right
24,40.90669700000012,1.4887111097729104,0.0829061066638951,1.2666159999998854,0.4666480000000774,0.7999679999998079,0.6315789473683265,41.70666499999993,42.17331300000001,5005,5061,False,False,regular,S1,right
25,42.17331300000001,1.4264739770725108,0.0780008599370022,1.2832820000000993,0.4916470000000572,0.791635000000042,0.6168831168831019,42.96494800000005,43.45659500000011,5156,5215,False,False,regular,S1,right
26,43.45659500000011,1.333607395307992,0.0748504645269896,1.366612000000032,0.5083130000000438,0.8582989999999882,0.6280487804877816,44.314894000000095,44.82320700000014,5318,5379,True,True,regular,S1,right
27,44.82320700000014,1.5019161561725287,0.0812478310044376,2.7915549999997893,0.4749809999998433,2.316573999999946,0.8298507462687,47.139781000000085,47.61476199999993,5657,5714,True,True,regular,S1,right
28,47.61476199999993,1.5269361477872754,0.0893142478332705,1.308281000000079,0.4416489999998703,0.8666320000002088,0.6624203821657246,48.48139400000014,48.92304300000001,5818,5871,False,False,regular,S1,right
29,48.92304300000001,1.4978809285293606,0.0869099637001346,1.2666160000001128,0.4916470000000572,0.7749690000000555,0.6118421052631473,49.69801200000006,50.18965900000012,5964,6023,False,False,regular,S1,right
30,50.18965900000012,1.2842221764904416,0.0753082741608062,1.3166140000000723,0.5083130000002711,0.8083009999998012,0.6139240506327267,50.99795999999992,51.50627300000019,6120,6181,True,True,regular,S1,right
0,3.6748529999999846,1.3122655360187,0.0683475895,1.224950999999919,0.5499779999997827,0.6749730000001364,0.551020408163413,4.349826000000121,4.899803999999904,522,588,False,False,1P,S2,right
1,4.899803999999904,1.3226465380141106,0.0694290629,1.2166180000001532,0.5583110000000033,0.6583070000001499,0.5410958904110139,5.5581110000000535,6.116422000000057,667,734,False,False,1P,S2,right
2,6.116422000000057,1.304692875849062,0.0659793436,1.224950999999919,0.5833099999999831,0.641640999999936,0.5238095238095062,6.758062999999993,7.341372999999976,811,881,False,False,1P,S2,right
3,7.341372999999976,1.3418353148145816,0.0639371068,1.2499500000001262,0.5833099999999831,0.6666400000001431,0.5333333333333939,8.008013000000119,8.591323000000102,961,1031,False,False,1P,S2,right
4,8.591323000000102,1.273446497140189,0.0631791886,1.1832859999999528,0.5583110000000033,0.6249749999999494,0.5281690140844854,9.216298000000052,9.774609000000057,1106,1173,False,False,1P,S2,right
5,9.774609000000057,1.3278853448420522,0.0620778551,1.224950999999919,0.5999759999999696,0.6249749999999494,0.5102040816326455,10.399584000000004,10.999559999999974,1248,1320,False,False,1P,S2,right
6,10.999559999999974,1.2653121209869076,0.0623004208,1.1832859999999528,0.5666439999999966,0.6166419999999562,0.521126760563364,11.61620199999993,12.182845999999929,1394,1462,False,False,1P,S2,right
7,12.182845999999929,1.3005683122740024,0.0595045943,1.18328600000018,0.5333120000000235,0.6499740000001566,0.549295774647936,12.832820000000083,13.366132000000109,1540,1604,False,False,1P,S2,right
8,13.366132000000109,1.320941156772648,0.0580434661,1.1999519999999393,0.5499780000000101,0.6499739999999292,0.5416666666666351,14.016106000000036,14.566084000000046,1682,1748,False,False,1P,S2,right
9,14.566084000000046,1.3094889476676734,0.0685243737,1.2416169999999056,0.5749769999999899,0.6666399999999157,0.5369127516778253,15.232723999999962,15.807700999999952,1828,1897,False,False,1P,S2,right
10,15.807700999999952,1.312532250041916,0.0659917787,1.2249510000001465,0.6083090000001903,0.6166419999999562,0.5034013605441218,16.424342999999908,17.0326520000001,1971,2044,False,False,1P,S2,right
11,17.0326520000001,1.314195175697197,0.0672769968,1.1999519999999393,0.5916429999999764,0.6083089999999629,0.5069444444444392,17.64096100000006,18.23260400000004,2117,2188,False,False,1P,S2,right
12,18.23260400000004,1.2085273190450092,0.060347712,1.3166140000000723,0.6083090000001903,0.7083049999998821,0.5379746835441847,18.94090899999992,19.54921800000011,2273,2346,True,True,1P,S2,right
13,19.54921800000011,1.272386800990429,0.062544931,2.566563999999971,0.5833099999999831,1.983253999999988,0.7727272727272767,21.53247200000009,22.11578200000008,2584,2654,True,True,1P,S2,right
14,22.11578200000008,1.3460599105767668,0.061991075,1.2082849999999326,0.5666439999999966,0.641640999999936,0.5310344827585973,22.757423000000017,23.324067000000014,2731,2799,False,False,1P,S2,right
15,23.324067000000014,1.3265803954355313,0.0618339308,1.158286999999973,0.5749769999999899,0.5833099999999831,0.5035971223021555,23.907377,24.482353999999987,2868,2936,False,False,1P,S2,right
16,24.482353999999987,1.3688348080377728,0.0636624466,1.1666199999999662,0.5416450000000168,0.6249749999999494,0.5357142857142578,25.107328999999936,25.64897399999996,3010,3075,False,False,1P,S2,right
17,25.64897399999996,1.3771367973122497,0.0736979003,1.2166180000001532,0.6166420000001835,0.5999759999999696,0.4931506849314198,26.248949999999923,26.865592000000103,3147,3221,True,False,1P,S2,right
18,26.865592000000103,1.3160256607958238,0.0683969481,1.191618999999946,0.5833099999999831,0.6083089999999629,0.5104895104895025,27.47390100000007,28.05721100000005,3294,3364,False,False,1P,S2,right
19,28.05721100000005,1.3426249265786512,0.0737895348,1.1749529999999595,0.5916429999999764,0.5833099999999831,0.4964539007092226,28.640521000000035,29.23216400000001,3434,3505,True,False,1P,S2,right
20,29.23216400000001,1.3602039713488154,0.0679851854,1.1999519999999393,0.5999759999999696,0.5999759999999696,0.5,29.83213999999998,30.43211599999995,3577,3649,False,False,1P,S2,right
21,30.43211599999995,1.348061424732447,0.0657730778,1.2582830000001195,0.6249749999999494,0.6333080000001701,0.5033112582782331,31.06542400000012,31.69039900000007,3725,3800,False,False,1P,S2,right
22,31.69039900000007,1.3245164868245298,0.0602600048,1.2749489999998789,0.6083089999999629,0.6666399999999157,0.5228758169934478,32.357038999999986,32.96534799999995,3880,3953,False,False,1P,S2,right
23,32.96534799999995,1.3114852762765352,0.0647012207,1.2582830000001195,0.5749769999999899,0.6833060000001296,0.5430463576159456,33.64865400000008,34.22363100000007,4035,4104,False,False,1P,S2,right
24,34.22363100000007,1.3378860141096298,0.0669939751,1.2416169999999056,0.5916429999999764,0.6499739999999292,0.5234899328858889,34.873605,35.465247999999974,4182,4253,False,False,1P,S2,right
25,35.465247999999974,1.3127850774592886,0.0595577367,1.1666199999999662,0.5333120000000235,0.6333079999999427,0.5428571428571094,36.09855599999992,36.63186799999994,4329,4393,False,False,1P,S2,right
26,36.63186799999994,1.2208382652834635,0.0705287743,1.2332840000001395,0.5666439999999966,0.6666400000001431,0.5405405405405953,37.29850800000008,37.86515200000008,4473,4541,False,False,1P,S2,right
27,37.86515200000008,1.7647707545328606,0.0671824308,4.049837999999909,0.5583110000000033,3.491526999999905,0.8621399176954693,41.35667899999999,41.91498999999999,4960,5027,True,True,1P,S2,right
28,41.91498999999999,1.296682231575986,0.0742592451,1.1832859999999528,0.5583110000000033,0.6249749999999494,0.5281690140844854,42.53996499999994,43.09827599999994,5102,5169,False,False,1P,S2,right
29,43.09827599999994,1.3024601733026815,0.0697010969,1.3332800000000589,0.6083089999999629,0.724971000000096,0.5437500000000479,43.82324700000004,44.431556,5256,5329,False,False,1P,S2,right
30,44.431556,1.340409461711955,0.0669160013,1.3582790000000386,0.5999759999999696,0.758303000000069,0.558282208588992,45.18985900000007,45.78983500000004,5420,5492,False,False,1P,S2,right
31,45.78983500000004,1.2993505536520713,0.0680460367,1.4166099999999917,0.641640999999936,0.7749690000000555,0.5470588235294542,46.564804000000095,47.20644500000003,5585,5662,False,False,1P,S2,right
32,47.20644500000003,1.3428204067021134,0.072228839,1.3832780000000184,0.5999759999999696,0.7833020000000488,0.5662650602409915,47.98974700000008,48.58972300000005,5756,5828,False,False,1P,S2,right
33,48.58972300000005,1.3584719829407836,0.064306616,1.341613000000052,0.6333080000001701,0.7083049999998821,0.5279503105588977,49.29802799999993,49.9313360000001,5913,5989,False,False,1P,S2,right
34,49.9313360000001,1.3143095204432569,0.071330349,1.2416169999999056,0.5833099999999831,0.6583069999999225,0.5302013422818571,50.58964300000002,51.17295300000001,6068,6138,False,False,1P,S2,right
35,51.17295300000001,1.2711402410469348,0.0566991674,1.2499499999998989,0.5749769999999899,0.674972999999909,0.539999999999971,51.84792599999992,52.42290299999991,6219,6288,False,False,1P,S2,right
36,52.42290299999991,1.3540649286441748,0.0641998106,1.2666160000001128,0.6083089999999629,0.6583070000001499,0.5197368421053352,53.081210000000056,53.68951900000002,6367,6440,False,False,1P,S2,right
37,53.68951900000002,1.3343194064672466,0.0677471319,1.3166140000000723,0.6249750000001768,0.6916389999998955,0.5253164556960943,54.38115799999992,55.00613300000009,6523,6598,False,False,1P,S2,right
38,55.00613300000009,1.3454040527016338,0.0671754109,1.3916110000000117,0.6083090000001903,0.7833019999998214,0.562874251496873,55.78943499999991,56.3977440000001,6692,6765,False,False,1P,S2,right
39,56.3977440000001,1.333078368081905,0.0735038709,1.316613999999845,0.641640999999936,0.674972999999909,0.5126582278480926,57.07271700000001,57.71435799999995,6846,6923,False,False,1P,S2,right
40,57.71435799999995,1.284025770956753,0.0641190044,1.3749450000000252,0.6166419999999562,0.758303000000069,0.5515151515151916,58.472661000000016,59.08930299999997,7014,7088,False,False,1P,S2,right
41,59.08930299999997,1.2348659482945357,0.0601781681,4.433156000000054,0.5749769999999899,3.858179000000064,0.8703007518797031,62.94748200000004,63.522459000000026,7550,7619,True,True,1P,S2,right
42,63.522459000000026,1.3504331410508223,0.0692732751,1.2999480000000858,0.599976000000197,0.6999719999998888,0.5384615384614174,64.22243099999992,64.82240700000011,7703,7775,False,False,1P,S2,right
43,64.82240700000011,1.333794894319314,0.0649786131,1.2166179999999258,0.5916429999999764,0.6249749999999494,0.513698630136976,65.44738200000006,66.03902500000004,7850,7921,False,False,1P,S2,right
44,66.03902500000004,1.318601780102603,0.0675987534,1.2499499999998989,0.5916429999999764,0.6583069999999225,0.5266666666666473,66.69733199999996,67.28897499999994,8000,8071,False,False,1P,S2,right
45,67.28897499999994,1.3179634374084437,0.0717592543,1.2832820000000993,0.5666439999999966,0.7166380000001027,0.5584415584415953,68.00561300000004,68.57225700000004,8157,8225,False,False,1P,S2,right
46,68.57225700000004,1.3442530496907406,0.0734900095,1.3332800000000589,0.6499740000001566,0.6833059999999023,0.512499999999904,69.25556299999994,69.9055370000001,8307,8385,False,False,1P,S2,right
47,69.9055370000001,1.2771045296447463,0.0646398473,1.2749489999998789,0.5916429999999764,0.6833059999999023,0.535947712418275,70.588843,71.18048599999997,8467,8538,False,False,1P,S2,right
48,71.18048599999997,1.2701066732764563,0.0635291695,1.3332800000000589,0.5583110000000033,0.7749690000000555,0.581250000000016,71.95545500000003,72.51376600000003,8631,8698,False,False,1P,S2,right
49,72.51376600000003,1.302167088392462,0.062539365,1.2749489999998789,0.5333119999997962,0.7416370000000825,0.5816993464053488,73.25540300000011,73.78871499999991,8787,8851,False,False,1P,S2,right
50,73.78871499999991,1.3034530242725615,0.0622969321,1.3249470000000656,0.641640999999936,0.6833060000001296,0.5157232704403238,74.47202100000004,75.11366199999998,8933,9010,False,False,1P,S2,right
51,75.11366199999998,1.2528107161514124,0.068580217,1.274949000000106,0.5999759999999696,0.6749730000001364,0.5294117647059453,75.78863500000011,76.38861100000008,9091,9163,False,False,1P,S2,right
52,76.38861100000008,1.260278602009571,0.0608935624,1.3249470000000656,0.6166420000001835,0.7083049999998821,0.534591194968438,77.09691599999996,77.71355800000015,9248,9322,False,False,1P,S2,right
53,77.71355800000015,1.2384830569711098,0.0564589243,1.316613999999845,0.6166419999999562,0.6999719999998888,0.5316455696202314,78.41353000000004,79.030172,9406,9480,False,False,1P,S2,right
54,79.030172,1.277696721280164,0.0605991446,1.2666159999998854,0.5333120000000235,0.7333039999998618,0.5789473684209959,79.76347599999986,80.29678799999988,9568,9632,False,False,1P,S2,right
55,80.29678799999988,1.1746124477532556,0.0525943934,1.274949000000106,0.558310999999776,0.7166380000003301,0.562091503268186,81.01342600000021,81.57173699999998,9718,9785,False,False,1P,S2,right
0,6.024759000000017,1.3181869955532917,0.0623883571,1.6249350000000504,0.7749690000000555,0.8499659999999949,0.5230769230769037,6.874725000000012,7.649694000000068,825,918,False,False,3P,S1,right
1,7.649694000000068,1.3105131710855582,0.0632374342,1.6499340000000302,0.758303000000069,0.8916309999999612,0.540404040404007,8.541325000000029,9.299628000000098,1025,1116,False,False,3P,S1,right
2,9.299628000000098,2.25299932488896,0.0778285946,6.583069999999907,0.7583029999999553,5.824766999999952,0.8848101265822836,15.12439500000005,15.882698000000005,1815,1906,True,True,3P,S1,right
3,15.882698000000005,1.3896175163189275,0.0803430192,1.641601000000037,0.7499699999999621,0.8916310000000749,0.5431472081218608,16.77432900000008,17.524299000000042,2013,2103,False,False,3P,S1,right
4,17.524299000000042,1.407673950599802,0.0718840166,1.7165979999999763,0.6749730000000227,1.0416249999999536,0.6067961165048357,18.565923999999995,19.24089700000001,2228,2309,False,False,3P,S1,right
5,19.24089700000001,1.2251029101190585,0.068823251,4.899804000000017,0.7749689999999418,4.124835000000076,0.84183673469389,23.365732000000094,24.140701000000035,2804,2897,True,True,3P,S1,right
6,24.140701000000035,1.3749568796267235,0.069360063,1.5249390000000176,0.7416369999999688,0.7833020000000488,0.5136612021858185,24.924003000000084,25.665640000000053,2991,3080,False,False,3P,S1,right
7,25.665640000000053,1.4258991332700843,0.0710010076,1.5749369999999772,0.7249709999999823,0.8499659999999949,0.5396825396825443,26.515606000000048,27.24057700000003,3182,3269,False,False,3P,S1,right
8,27.24057700000003,1.36438017257163,0.0707434103,1.6499340000000302,0.7833020000000488,0.8666319999999814,0.5252525252525043,28.10720900000001,28.89051100000006,3373,3467,False,False,3P,S1,right
9,28.89051100000006,1.4875773063856923,0.0830994975,3.92484300000001,0.7999680000000353,3.1248749999999745,0.7961783439490361,32.015386000000035,32.81535400000007,3842,3938,True,True,3P,S1,right
10,32.81535400000007,1.4200739928946238,0.0764282142,1.5499379999999974,0.7083049999999957,0.8416330000000016,0.543010752688174,33.65698700000007,34.36529200000007,4039,4124,False,False,3P,S1,right
11,34.36529200000007,1.4224450999575289,0.0734628628,1.6166019999999437,0.7499699999999621,0.8666319999999814,0.5360824742268113,35.23192400000005,35.98189400000001,4228,4318,False,False,3P,S1,right
12,35.98189400000001,1.2744502387247036,0.060533796,1.608269000000064,0.7416369999999688,0.8666320000000951,0.5388601036269808,36.848526000000106,37.59016300000008,4422,4511,True,True,3P,S1,right
13,37.59016300000008,1.4356407038091972,0.0717232741,3.0998759999999947,0.683306000000016,2.416569999999979,0.7795698924731128,40.00673300000005,40.69003900000007,4801,4883,True,True,3P,S1,right
14,40.69003900000007,1.414130094488491,0.0642596026,1.6832660000000033,0.7333039999999755,0.9499620000000276,0.5643564356435797,41.6400010000001,42.37330500000007,4997,5085,False,False,3P,S1,right
15,42.37330500000007,1.3516174857971923,0.0686873721,1.4832739999999376,0.6916390000000092,0.7916349999999284,0.5337078651685135,43.16494,43.85657900000001,5180,5263,False,False,3P,S1,right
16,43.85657900000001,1.3855406914616344,0.062913398,1.749930000000063,0.7999680000000353,0.9499620000000276,0.5428571428571392,44.80654100000004,45.60650900000008,5377,5473,True,True,3P,S1,right
17,45.60650900000008,1.29619247593282,0.0677495138,3.649854000000005,0.7416370000000825,2.9082169999999223,0.7968036529680143,48.514726,49.25636300000008,5822,5911,True,True,3P,S1,right
18,49.25636300000008,1.3485510823433018,0.0740090801,1.541605000000004,0.6666400000000294,0.8749649999999747,0.5675675675675497,50.13132800000005,50.79796800000008,6016,6096,False,False,3P,S1,right
19,50.79796800000008,1.4315013334418278,0.0705546582,1.6499339999999163,0.6833059999999023,0.9666280000000144,0.5858585858586242,51.7645960000001,52.447902,6212,6294,False,False,3P,S1,right
20,52.447902,1.338613740215737,0.0668449176,1.6832660000000033,0.7416369999999688,0.9416290000000344,0.5594059405940788,53.389531000000034,54.131168,6407,6496,False,False,3P,S1,right
21,54.131168,1.369787437879025,0.0723534695,3.649854000000005,0.7916349999999284,2.8582190000000764,0.7831050228310701,56.98938700000008,57.78102200000001,6839,6934,True,True,3P,S1,right
22,57.78102200000001,1.421557685306983,0.0654177145,1.5916030000000774,0.7249709999999823,0.8666320000000951,0.5445026178010804,58.6476540000001,59.372625000000085,7038,7125,False,False,3P,S1,right
23,59.372625000000085,1.4088055307700025,0.077157078,1.6082689999999502,0.7666359999999486,0.8416330000000016,0.523316062176183,60.214258000000086,60.98089400000004,7226,7318,False,False,3P,S1,right
24,60.98089400000004,1.3510419394385005,0.0546125967,1.6249350000000504,0.7416370000000825,0.8832979999999679,0.543589743589707,61.864192,62.605829000000085,7424,7513,True,True,3P,S1,right
25,62.605829000000085,1.4808598991110016,0.0679617176,2.958214999999996,0.7249709999999823,2.2332440000000133,0.7549295774647944,64.8390730000001,65.56404400000008,7781,7868,True,True,3P,S1,right
26,65.56404400000008,1.5030753571297018,0.0761968045,1.6416009999999233,0.7249709999999823,0.916629999999941,0.5583756345177566,66.48067400000002,67.205645,7978,8065,False,False,3P,S1,right
27,67.205645,1.480904315554707,0.078619367,1.5666040000000976,0.7166380000001027,0.8499659999999949,0.5425531914893247,68.055611,68.7722490000001,8167,8253,False,False,3P,S1,right
28,68.7722490000001,1.256933295433312,0.0691517948,1.6416009999999233,0.7333039999999755,0.9082969999999476,0.5532994923857808,69.68054600000005,70.41385000000002,8362,8450,True,True,3P,S1,right
